Size,Time (s)_Python,Memory (bytes)_Python,Time (s)_Rust,Memory (bytes)_Rust,Speed Difference (Python/Rust),Memory Savings (%)
100,0.000917,6994,1.9e-05,0,48.263157894736835,100.0
1000,0.012328,18808,7.2e-05,0,171.22222222222223,100.0
10000,0.17581,169368,0.000777,0,226.26769626769627,100.0
100000,2.26168,1727496,0.012423,0,182.0558641229977,100.0
1000000,28.106427,16783864,0.105451,0,266.5354240358081,100.0
