Size,Time (s),Memory (bytes)
100,0.000917,6994
1000,0.012328,18808
10000,0.175810,169368
100000,2.261680,1727496
1000000,28.106427,16783864
