Size,Time (s),Memory (bytes)
100,0.000017,424
1000,0.000068,4024
10000,0.000760,40024
100000,0.015217,400024
1000000,0.105738,4000024
