Size,Time (s),Memory (bytes)
100,0.000019,0
1000,0.000072,0
10000,0.000777,0
100000,0.012423,0
1000000,0.105451,0
